--TimeKey
INSERT INTO public.time_key (key, time) VALUES (1, '00:00:00');
INSERT INTO public.time_key (key, time) VALUES (2, '00:15:00');
INSERT INTO public.time_key (key, time) VALUES (3, '00:30:00');
INSERT INTO public.time_key (key, time) VALUES (4, '00:45:00');
INSERT INTO public.time_key (key, time) VALUES (5, '01:00:00');
INSERT INTO public.time_key (key, time) VALUES (6, '01:15:00');
INSERT INTO public.time_key (key, time) VALUES (7, '01:30:00');
INSERT INTO public.time_key (key, time) VALUES (8, '01:45:00');
INSERT INTO public.time_key (key, time) VALUES (9, '02:00:00');
INSERT INTO public.time_key (key, time) VALUES (10, '02:15:00');
INSERT INTO public.time_key (key, time) VALUES (11, '02:30:00');
INSERT INTO public.time_key (key, time) VALUES (12, '02:45:00');
INSERT INTO public.time_key (key, time) VALUES (13, '03:00:00');
INSERT INTO public.time_key (key, time) VALUES (14, '03:15:00');
INSERT INTO public.time_key (key, time) VALUES (15, '03:30:00');
INSERT INTO public.time_key (key, time) VALUES (16, '03:45:00');
INSERT INTO public.time_key (key, time) VALUES (17, '04:00:00');
INSERT INTO public.time_key (key, time) VALUES (18, '04:15:00');
INSERT INTO public.time_key (key, time) VALUES (19, '04:30:00');
INSERT INTO public.time_key (key, time) VALUES (20, '04:45:00');
INSERT INTO public.time_key (key, time) VALUES (21, '05:00:00');
INSERT INTO public.time_key (key, time) VALUES (22, '05:15:00');
INSERT INTO public.time_key (key, time) VALUES (23, '05:30:00');
INSERT INTO public.time_key (key, time) VALUES (24, '05:45:00');
INSERT INTO public.time_key (key, time) VALUES (25, '06:00:00');
INSERT INTO public.time_key (key, time) VALUES (26, '06:15:00');
INSERT INTO public.time_key (key, time) VALUES (27, '06:30:00');
INSERT INTO public.time_key (key, time) VALUES (28, '06:45:00');
INSERT INTO public.time_key (key, time) VALUES (29, '07:00:00');
INSERT INTO public.time_key (key, time) VALUES (30, '07:15:00');
INSERT INTO public.time_key (key, time) VALUES (31, '07:30:00');
INSERT INTO public.time_key (key, time) VALUES (32, '07:45:00');
INSERT INTO public.time_key (key, time) VALUES (33, '08:00:00');
INSERT INTO public.time_key (key, time) VALUES (34, '08:15:00');
INSERT INTO public.time_key (key, time) VALUES (35, '08:30:00');
INSERT INTO public.time_key (key, time) VALUES (36, '08:45:00');
INSERT INTO public.time_key (key, time) VALUES (37, '09:00:00');
INSERT INTO public.time_key (key, time) VALUES (38, '09:15:00');
INSERT INTO public.time_key (key, time) VALUES (39, '09:30:00');
INSERT INTO public.time_key (key, time) VALUES (40, '09:45:00');
INSERT INTO public.time_key (key, time) VALUES (41, '10:00:00');
INSERT INTO public.time_key (key, time) VALUES (42, '10:15:00');
INSERT INTO public.time_key (key, time) VALUES (43, '10:30:00');
INSERT INTO public.time_key (key, time) VALUES (44, '10:45:00');
INSERT INTO public.time_key (key, time) VALUES (45, '11:00:00');
INSERT INTO public.time_key (key, time) VALUES (46, '11:15:00');
INSERT INTO public.time_key (key, time) VALUES (47, '11:30:00');
INSERT INTO public.time_key (key, time) VALUES (48, '11:45:00');
INSERT INTO public.time_key (key, time) VALUES (49, '12:00:00');
INSERT INTO public.time_key (key, time) VALUES (50, '12:15:00');
INSERT INTO public.time_key (key, time) VALUES (51, '12:30:00');
INSERT INTO public.time_key (key, time) VALUES (52, '12:45:00');
INSERT INTO public.time_key (key, time) VALUES (53, '13:00:00');
INSERT INTO public.time_key (key, time) VALUES (54, '13:15:00');
INSERT INTO public.time_key (key, time) VALUES (55, '13:30:00');
INSERT INTO public.time_key (key, time) VALUES (56, '13:45:00');
INSERT INTO public.time_key (key, time) VALUES (57, '14:00:00');
INSERT INTO public.time_key (key, time) VALUES (58, '14:15:00');
INSERT INTO public.time_key (key, time) VALUES (59, '14:30:00');
INSERT INTO public.time_key (key, time) VALUES (60, '14:45:00');
INSERT INTO public.time_key (key, time) VALUES (61, '15:00:00');
INSERT INTO public.time_key (key, time) VALUES (62, '15:15:00');
INSERT INTO public.time_key (key, time) VALUES (63, '15:30:00');
INSERT INTO public.time_key (key, time) VALUES (64, '15:45:00');
INSERT INTO public.time_key (key, time) VALUES (65, '16:00:00');
INSERT INTO public.time_key (key, time) VALUES (66, '16:15:00');
INSERT INTO public.time_key (key, time) VALUES (67, '16:30:00');
INSERT INTO public.time_key (key, time) VALUES (68, '16:45:00');
INSERT INTO public.time_key (key, time) VALUES (69, '17:00:00');
INSERT INTO public.time_key (key, time) VALUES (70, '17:15:00');
INSERT INTO public.time_key (key, time) VALUES (71, '17:30:00');
INSERT INTO public.time_key (key, time) VALUES (72, '17:45:00');
INSERT INTO public.time_key (key, time) VALUES (73, '18:00:00');
INSERT INTO public.time_key (key, time) VALUES (74, '18:15:00');
INSERT INTO public.time_key (key, time) VALUES (75, '18:30:00');
INSERT INTO public.time_key (key, time) VALUES (76, '18:45:00');
INSERT INTO public.time_key (key, time) VALUES (77, '19:00:00');
INSERT INTO public.time_key (key, time) VALUES (78, '19:15:00');
INSERT INTO public.time_key (key, time) VALUES (79, '19:30:00');
INSERT INTO public.time_key (key, time) VALUES (80, '19:45:00');
INSERT INTO public.time_key (key, time) VALUES (81, '20:00:00');
INSERT INTO public.time_key (key, time) VALUES (82, '20:15:00');
INSERT INTO public.time_key (key, time) VALUES (83, '20:30:00');
INSERT INTO public.time_key (key, time) VALUES (84, '20:45:00');
INSERT INTO public.time_key (key, time) VALUES (85, '21:00:00');
INSERT INTO public.time_key (key, time) VALUES (86, '21:15:00');
INSERT INTO public.time_key (key, time) VALUES (87, '21:30:00');
INSERT INTO public.time_key (key, time) VALUES (88, '21:45:00');
INSERT INTO public.time_key (key, time) VALUES (89, '22:00:00');
INSERT INTO public.time_key (key, time) VALUES (90, '22:15:00');
INSERT INTO public.time_key (key, time) VALUES (91, '22:30:00');
INSERT INTO public.time_key (key, time) VALUES (92, '22:45:00');
INSERT INTO public.time_key (key, time) VALUES (93, '23:00:00');
INSERT INTO public.time_key (key, time) VALUES (94, '23:15:00');
INSERT INTO public.time_key (key, time) VALUES (95, '23:30:00');
INSERT INTO public.time_key (key, time) VALUES (96, '23:45:00');


--TIMETABLES_BARBERS -- 9:00 às 18:00
insert into timetable_barbers (barber_id, time_key_id) values (1,37);
insert into timetable_barbers (barber_id, time_key_id) values (1,38);
insert into timetable_barbers (barber_id, time_key_id) values (1,39);
insert into timetable_barbers (barber_id, time_key_id) values (1,40);
insert into timetable_barbers (barber_id, time_key_id) values (1,41);
insert into timetable_barbers (barber_id, time_key_id) values (1,42);
insert into timetable_barbers (barber_id, time_key_id) values (1,43);
insert into timetable_barbers (barber_id, time_key_id) values (1,44);
insert into timetable_barbers (barber_id, time_key_id) values (1,45);
insert into timetable_barbers (barber_id, time_key_id) values (1,46);
insert into timetable_barbers (barber_id, time_key_id) values (1,47);
insert into timetable_barbers (barber_id, time_key_id) values (1,48);
insert into timetable_barbers (barber_id, time_key_id) values (1,49);
insert into timetable_barbers (barber_id, time_key_id) values (1,50);
insert into timetable_barbers (barber_id, time_key_id) values (1,51);
insert into timetable_barbers (barber_id, time_key_id) values (1,52);
insert into timetable_barbers (barber_id, time_key_id) values (1,53);
insert into timetable_barbers (barber_id, time_key_id) values (1,54);
insert into timetable_barbers (barber_id, time_key_id) values (1,55);
insert into timetable_barbers (barber_id, time_key_id) values (1,56);
insert into timetable_barbers (barber_id, time_key_id) values (1,57);
insert into timetable_barbers (barber_id, time_key_id) values (1,58);
insert into timetable_barbers (barber_id, time_key_id) values (1,59);
insert into timetable_barbers (barber_id, time_key_id) values (1,60);
insert into timetable_barbers (barber_id, time_key_id) values (1,61);
insert into timetable_barbers (barber_id, time_key_id) values (1,62);
insert into timetable_barbers (barber_id, time_key_id) values (1,63);
insert into timetable_barbers (barber_id, time_key_id) values (1,64);
insert into timetable_barbers (barber_id, time_key_id) values (1,65);
insert into timetable_barbers (barber_id, time_key_id) values (1,66);
insert into timetable_barbers (barber_id, time_key_id) values (1,67);
insert into timetable_barbers (barber_id, time_key_id) values (1,68);
insert into timetable_barbers (barber_id, time_key_id) values (1,69);
insert into timetable_barbers (barber_id, time_key_id) values (1,70);
insert into timetable_barbers (barber_id, time_key_id) values (1,71);
insert into timetable_barbers (barber_id, time_key_id) values (1,72);
insert into timetable_barbers (barber_id, time_key_id) values (1,73);


--schedule
insert into schedule (date, barber_id, client_id, cut_id, timetable_barbers_id)
VALUES ('2022-07-03', 1, 2, 1, 2);
insert into schedule (date, barber_id, client_id, cut_id, timetable_barbers_id)
VALUES ('2022-07-03', 1, 2, 1, 3);
insert into schedule (date, barber_id, client_id, cut_id, timetable_barbers_id)
VALUES ('2022-07-03', 1, 2, 1, 4);

-- select schedule, tb.id, tk.time, tk.key from schedule inner join timetable_barbers tb on schedule.timetable_barbers_id = tb.id inner join time_key tk on tb.time_key_id = tk.key
--
-- select * from timetable_barbers where barber_id = 1 and time_key_id not in (38, 40)